Full_Library_Hit_12	FWGIRWDWFR
Full_Library_Hit_200	FWGHHWDVYK
Full_Library_Hit_5186	FTGFHHEWFR
Full_Library_Hit_22416	FWGIRWDFFK
Full_Library_Hit_4355	FWGYSHEWFR
Full_Library_Hit_6	FWGNWFDRWK
Full_Library_Hit_103	FNGIRWDWFR
Full_Library_Hit_26	FWGIRWDWFK
Full_Library_Hit_341	FTGFWHDWFR
Full_Library_Hit_1376	FHGHHWERFR
Full_Library_Hit_5673	FWGNYPDFWK
Full_Library_Hit_2712	FWGWFRDVFR
Full_Library_Hit_256	FWGNFREWLR
Full_Library_Hit_5281	FYGRNWEWFR
Full_Library_Hit_253	FRGISWEWFK
Full_Library_Hit_383	FIGHHWDWFR
Full_Library_Hit_698	FYGNWWDWFR
Full_Library_Hit_15488	FTGHHWEFFR
Full_Library_Hit_342	FTGWHYERFR
Full_Library_Hit_2435	FNGHFWDWLR
Full_Library_Hit_27023	FYGHIWDWFR
Full_Library_Hit_10435	FIGHHHESFK
Full_Library_Hit_45339	FTGYFSEPHR
Full_Library_Hit_7965	FYGRIWDWFR
Full_Library_Hit_1004	FYGHHYDWFR
Full_Library_Hit_18532	FWGHYHDWFR
Full_Library_Hit_2736	FWGNWLEWFR
Full_Library_Hit_213	FRGYLWDWFR
Full_Library_Hit_8480	FTGIWPESFR
Full_Library_Hit_1365	FWGHYHEWFR
Full_Library_Hit_1510	FWGFWYDRFK
Full_Library_Hit_187	FWGFRHEWFR
Full_Library_Hit_3178	FRGNWVDRWK
Full_Library_Hit_12055	FWGIWPDRFK
Full_Library_Hit_19844	FWGHISEWFR
Full_Library_Hit_1805	FTGYVWDWFR
Full_Library_Hit_5771	FWGFHWDWFR
Full_Library_Hit_4515	FWGWFRDVWK
Full_Library_Hit_38088	FWGSLHDFWK
Full_Library_Hit_51	FWGHFRDWFR
Full_Library_Hit_10	FWGNFRDWSK
Full_Library_Hit_1530	FNGIWPDFLR
Full_Library_Hit_3464	FWGNWHDRWK
Full_Library_Hit_273	FWGIWFDAFR
Full_Library_Hit_1198	FVGFLWEWFR
Full_Library_Hit_23585	FYGHSWEWFR
Full_Library_Hit_13284	FNGNWPEVFK
Full_Library_Hit_3113	FVGHFPEYFR
Full_Library_Hit_143	FTGIFWDWHR
Full_Library_Hit_4852	FYGIWPERYK
Full_Library_Hit_2326	FRGPHWDFWK
Full_Library_Hit_1394	FWGSLWDFYK
Full_Library_Hit_114	FWGWFWDWFR
Full_Library_Hit_15622	FWGNWHDRFR
Full_Library_Hit_174	FRGIHWEFWK
Full_Library_Hit_2066	FWGNRPELFK
Full_Library_Hit_258	FWGSWFDFWK
Full_Library_Hit_4875	FWGIFWDWFR
Full_Library_Hit_40119	FWGTLWEFYK
Full_Library_Hit_1033	FNGIWWEWFR
Full_Library_Hit_3019	FWGYWFDVFR
Full_Library_Hit_724	FWGSWHDWYK
Full_Library_Hit_1969	FNGIFWDWFR
Full_Library_Hit_246	FWGIFRDWAR
Full_Library_Hit_22	FRGIFWEWHK
Full_Library_Hit_3542	FDGIWPEVFK
Full_Library_Hit_17175	FWGLFWEWFR
Full_Library_Hit_3702	FWGNFHEIRR
Full_Library_Hit_1812	FTGIWHDRFR
Full_Library_Hit_2348	FWGSRFDSWK
Full_Library_Hit_22410	FWGIWPEYFK
Full_Library_Hit_868	FIGIFPDVFR
Full_Library_Hit_16172	FTGIWPDFAK
Full_Library_Hit_2478	FWGSFWDIHK
Full_Library_Hit_14510	FTGHYPEFHK
Full_Library_Hit_1137	FYGVWPEHYK
Full_Library_Hit_153	FRGTHWEFWK
Full_Library_Hit_25185	FWGIWSNWFR
Full_Library_Hit_3296	FTGHFHEIHK
Full_Library_Hit_270	FWGNWWDFAK
