name	chainB_cmyb_contacts	chainB_mll_contacts	chainB_face	chainC_cmyb_contacts	chainC_mll_contacts	chainC_face	verdict
Full_Library_Hit_10	0	0	neither	8	0	cmyb	PARTIAL
Full_Library_Hit_1004	1	1	neither	7	0	cmyb	PARTIAL
Full_Library_Hit_103	7	0	cmyb	0	4	mll	DUAL
Full_Library_Hit_1033	7	0	cmyb	0	6	mll	DUAL
Full_Library_Hit_10435	0	6	mll	6	0	cmyb	DUAL
Full_Library_Hit_1137	0	6	mll	7	0	cmyb	DUAL
Full_Library_Hit_114	8	0	cmyb	0	6	mll	DUAL
Full_Library_Hit_1198	7	0	cmyb	0	6	mll	DUAL
Full_Library_Hit_12	0	1	neither	7	0	cmyb	PARTIAL
Full_Library_Hit_12055	0	0	neither	8	0	cmyb	PARTIAL
Full_Library_Hit_13284	0	7	mll	8	0	cmyb	DUAL
Full_Library_Hit_1365	6	0	cmyb	0	6	mll	DUAL
Full_Library_Hit_1376	4	0	cmyb	7	0	cmyb	SAME
Full_Library_Hit_1394	1	0	neither	0	6	mll	PARTIAL
Full_Library_Hit_143	6	0	cmyb	0	6	mll	DUAL
Full_Library_Hit_14510	6	0	cmyb	0	7	mll	DUAL
Full_Library_Hit_1510	0	6	mll	7	0	cmyb	DUAL
Full_Library_Hit_153	0	7	mll	8	0	cmyb	DUAL
Full_Library_Hit_1530	7	0	cmyb	0	7	mll	DUAL
Full_Library_Hit_15488	0	6	mll	7	0	cmyb	DUAL
Full_Library_Hit_15622	0	0	neither	7	0	cmyb	PARTIAL
Full_Library_Hit_16172	0	6	mll	7	0	cmyb	DUAL
Full_Library_Hit_17175	0	6	mll	7	0	cmyb	DUAL
Full_Library_Hit_174	0	6	mll	6	0	cmyb	DUAL
Full_Library_Hit_1805	7	0	cmyb	0	6	mll	DUAL
Full_Library_Hit_1812	0	0	neither	0	6	mll	PARTIAL
Full_Library_Hit_18532	0	0	neither	7	0	cmyb	PARTIAL
Full_Library_Hit_187	7	0	cmyb	0	6	mll	DUAL
Full_Library_Hit_1969	0	6	mll	7	0	cmyb	DUAL
Full_Library_Hit_19844	7	0	cmyb	0	6	mll	DUAL
Full_Library_Hit_200	0	5	mll	7	1	cmyb	DUAL
Full_Library_Hit_2066	0	6	mll	0	4	mll	SAME
Full_Library_Hit_213	6	0	cmyb	0	6	mll	DUAL
Full_Library_Hit_22	7	0	cmyb	0	5	mll	DUAL
Full_Library_Hit_22410	0	6	mll	6	0	cmyb	DUAL
Full_Library_Hit_22416	6	0	cmyb	0	6	mll	DUAL
Full_Library_Hit_2326	0	6	mll	7	0	cmyb	DUAL
Full_Library_Hit_2348	0	6	mll	5	1	cmyb	DUAL
Full_Library_Hit_23585	0	1	neither	7	0	cmyb	PARTIAL
Full_Library_Hit_2435	0	6	mll	6	0	cmyb	DUAL
Full_Library_Hit_246	0	6	mll	8	0	cmyb	DUAL
Full_Library_Hit_2478	8	0	cmyb	0	6	mll	DUAL
Full_Library_Hit_25185	0	0	neither	0	6	mll	PARTIAL
Full_Library_Hit_253	7	0	cmyb	0	6	mll	DUAL
Full_Library_Hit_256	5	0	cmyb	0	4	mll	DUAL
Full_Library_Hit_258	0	3	mll	7	0	cmyb	DUAL
Full_Library_Hit_26	7	0	cmyb	0	6	mll	DUAL
Full_Library_Hit_270	7	0	cmyb	0	6	mll	DUAL
Full_Library_Hit_27023	7	0	cmyb	0	7	mll	DUAL
Full_Library_Hit_2712	6	0	cmyb	0	6	mll	DUAL
Full_Library_Hit_273	7	0	cmyb	0	6	mll	DUAL
Full_Library_Hit_2736	7	0	cmyb	0	6	mll	DUAL
Full_Library_Hit_3019	0	6	mll	8	0	cmyb	DUAL
Full_Library_Hit_3113	0	6	mll	6	0	cmyb	DUAL
Full_Library_Hit_3178	8	0	cmyb	0	7	mll	DUAL
Full_Library_Hit_3296	0	7	mll	7	0	cmyb	DUAL
Full_Library_Hit_341	0	5	mll	7	0	cmyb	DUAL
Full_Library_Hit_342	0	6	mll	5	0	cmyb	DUAL
Full_Library_Hit_3464	0	1	neither	6	0	cmyb	PARTIAL
Full_Library_Hit_3542	7	0	cmyb	0	0	neither	PARTIAL
Full_Library_Hit_3702	7	0	cmyb	0	6	mll	DUAL
Full_Library_Hit_38088	0	6	mll	7	0	cmyb	DUAL
Full_Library_Hit_383	0	4	mll	7	0	cmyb	DUAL
Full_Library_Hit_40119	0	6	mll	7	0	cmyb	DUAL
Full_Library_Hit_4355	7	0	cmyb	0	7	mll	DUAL
Full_Library_Hit_4515	0	6	mll	7	0	cmyb	DUAL
Full_Library_Hit_45339	0	0	neither	8	0	cmyb	PARTIAL
Full_Library_Hit_4852	7	0	cmyb	1	0	neither	PARTIAL
Full_Library_Hit_4875	8	0	cmyb	0	6	mll	DUAL
Full_Library_Hit_51	7	1	cmyb	0	6	mll	DUAL
Full_Library_Hit_5186	2	0	cmyb	6	0	cmyb	SAME
Full_Library_Hit_5281	8	0	cmyb	0	7	mll	DUAL
Full_Library_Hit_5673	6	0	cmyb	0	7	mll	DUAL
Full_Library_Hit_5771	0	6	mll	7	0	cmyb	DUAL
Full_Library_Hit_6	0	1	neither	0	6	mll	PARTIAL
Full_Library_Hit_698	0	4	mll	8	0	cmyb	DUAL
Full_Library_Hit_724	6	0	cmyb	0	6	mll	DUAL
Full_Library_Hit_7965	0	6	mll	7	0	cmyb	DUAL
Full_Library_Hit_8480	0	6	mll	6	0	cmyb	DUAL
Full_Library_Hit_868	8	0	cmyb	0	6	mll	DUAL
WT_MLL	7	0	cmyb	0	7	mll	DUAL
cMyb_native	8	0	cmyb	0	5	mll	DUAL
