name,Sequence,source_face,face_rank,priority_score_v2_pde,hit_num,hit_num_v2,helix_score,complex_pde,interface_dG,protein_iptm,count
Full_Library_Hit_12,FWGIRWDWFR,cmyb,1,0.8323323323323324,4,7,0.875,0.2695153653621673,-35.13,0.9566157460212708,19
Full_Library_Hit_200,FWGHHWDVYK,cmyb,2,0.7602602602602604,3,6,0.875,0.2730713486671448,-30.15,0.9645758271217346,4
Full_Library_Hit_5186,FTGFHHEWFR,cmyb,3,0.7342342342342344,5,8,0.875,0.271115243434906,-32.6,0.9681053757667542,2
Full_Library_Hit_22416,FWGIRWDFFK,cmyb,4,0.7322322322322322,5,8,0.875,0.2704683244228363,-39.16,0.9657307267189026,2
Full_Library_Hit_4355,FWGYSHEWFR,cmyb,5,0.7312312312312312,3,6,0.875,0.266157865524292,-31.07,0.9733574390411376,2
Full_Library_Hit_6,FWGNWFDRWK,cmyb,6,0.7252252252252254,2,6,0.875,0.2752690315246582,-31.63,0.953429639339447,36
Full_Library_Hit_103,FNGIRWDWFR,cmyb,7,0.7202202202202201,4,7,0.875,0.2736895978450775,-35.11,0.9576721787452698,5
Full_Library_Hit_26,FWGIRWDWFK,cmyb,8,0.7102102102102102,4,7,0.875,0.2727400660514831,-34.0,0.9489738941192628,14
Full_Library_Hit_341,FTGFWHDWFR,cmyb,9,0.7082082082082083,3,6,0.875,0.2724668979644775,-36.92,0.9726294875144958,3
Full_Library_Hit_1376,FHGHHWERFR,cmyb,10,0.6951951951951952,3,6,0.75,0.267344206571579,-28.65,0.96352219581604,2
Full_Library_Hit_5673,FWGNYPDFWK,cmyb,11,0.6691691691691692,2,5,0.75,0.2683286070823669,-33.99,0.9691618084907532,3
Full_Library_Hit_2712,FWGWFRDVFR,cmyb,12,0.6641641641641641,4,7,0.875,0.2687776684761047,-30.22,0.9543157815933228,2
Full_Library_Hit_256,FWGNFREWLR,cmyb,13,0.6611611611611612,2,5,0.875,0.2691286504268646,-36.44,0.9529736042022704,4
Full_Library_Hit_5281,FYGRNWEWFR,cmyb,14,0.6601601601601602,2,5,0.875,0.2660054266452789,-37.76,0.972281575202942,2
Full_Library_Hit_253,FRGISWEWFK,cmyb,15,0.6591591591591592,2,5,0.875,0.276176393032074,-31.09,0.9633749127388,4
Full_Library_Hit_383,FIGHHWDWFR,cmyb,16,0.6591591591591592,2,5,0.875,0.2758182883262634,-37.51,0.960870087146759,6
Full_Library_Hit_698,FYGNWWDWFR,cmyb,17,0.6501501501501503,3,6,0.875,0.275552898645401,-32.97,0.9564396142959596,3
Full_Library_Hit_15488,FTGHHWEFFR,cmyb,18,0.6461461461461461,4,7,0.875,0.2688828706741333,-37.94,0.9608932733535768,2
Full_Library_Hit_342,FTGWHYERFR,cmyb,19,0.6431431431431431,2,5,0.75,0.2687482535839081,-28.97,0.9552012085914612,3
Full_Library_Hit_2435,FNGHFWDWLR,cmyb,20,0.6351351351351352,2,5,0.875,0.2683767974376678,-25.77,0.9616577625274658,3
Full_Library_Hit_27023,FYGHIWDWFR,cmyb,21,0.6311311311311312,2,5,0.875,0.2751494348049164,-33.56,0.9625160694122314,3
Full_Library_Hit_10435,FIGHHHESFK,cmyb,22,0.6251251251251252,3,6,0.875,0.270800232887268,-28.85,0.96789813041687,2
Full_Library_Hit_45339,FTGYFSEPHR,cmyb,23,0.6191191191191191,2,6,0.875,0.2698076367378235,-29.42,0.9562082886695862,2
Full_Library_Hit_7965,FYGRIWDWFR,cmyb,24,0.6181181181181181,2,5,0.875,0.269257128238678,-35.29,0.9667029976844788,2
Full_Library_Hit_1004,FYGHHYDWFR,cmyb,25,0.6141141141141141,1,4,0.875,0.2621176838874817,-35.71,0.976604700088501,3
Full_Library_Hit_18532,FWGHYHDWFR,cmyb,26,0.6131131131131131,3,6,0.875,0.2725255489349365,-41.46,0.9602615833282472,2
Full_Library_Hit_2736,FWGNWLEWFR,cmyb,27,0.6101101101101102,2,5,0.75,0.2649325430393219,-42.44,0.972031593322754,2
Full_Library_Hit_213,FRGYLWDWFR,cmyb,28,0.6091091091091092,1,4,0.875,0.2717528641223907,-36.25,0.9634798169136048,3
Full_Library_Hit_8480,FTGIWPESFR,cmyb,29,0.6091091091091092,1,4,0.75,0.2684106528759002,-26.22,0.97120201587677,3
Full_Library_Hit_1365,FWGHYHEWFR,cmyb,30,0.6081081081081082,3,7,0.875,0.2738150954246521,-32.11,0.961136758327484,2
Full_Library_Hit_1510,FWGFWYDRFK,cmyb,31,0.6071071071071071,2,5,0.875,0.2724316716194153,-34.19,0.9551407098770142,3
Full_Library_Hit_187,FWGFRHEWFR,cmyb,32,0.6021021021021021,3,6,0.875,0.2730692028999328,-29.69,0.941170871257782,4
Full_Library_Hit_3178,FRGNWVDRWK,cmyb,33,0.6001001001001002,2,5,0.875,0.2665282785892486,-36.36,0.9704431891441344,2
Full_Library_Hit_12055,FWGIWPDRFK,cmyb,34,0.5990990990990991,2,6,0.75,0.2681150734424591,-28.2,0.9573904275894164,2
Full_Library_Hit_19844,FWGHISEWFR,cmyb,35,0.5950950950950951,3,6,0.875,0.272222638130188,-36.1,0.9627567529678344,2
Full_Library_Hit_1805,FTGYVWDWFR,cmyb,36,0.5930930930930931,2,5,0.875,0.2783169448375702,-40.65,0.9610989689826964,3
Full_Library_Hit_5771,FWGFHWDWFR,cmyb,37,0.5860860860860861,2,6,0.875,0.2798308432102203,-29.67,0.95015549659729,3
Full_Library_Hit_4515,FWGWFRDVWK,cmyb,38,0.5850850850850852,3,6,0.875,0.2697296440601349,-33.14,0.9580479264259338,2
Full_Library_Hit_38088,FWGSLHDFWK,cmyb,39,0.5820820820820821,4,8,0.875,0.2738421261310577,-28.4,0.9549270272254944,2
Full_Library_Hit_51,FWGHFRDWFR,cmyb,40,0.5690690690690691,3,6,0.875,0.289448618888855,-38.12,0.9316399097442628,12
Full_Library_Hit_10,FWGNFRDWSK,mll,1,0.822477650063857,2,6,0.875,0.2642364799976349,-37.26,0.9572786688804626,33
Full_Library_Hit_1530,FNGIWPDFLR,mll,2,0.8045977011494253,4,8,0.75,0.2664035856723785,-34.31,0.9625389575958252,2
Full_Library_Hit_3464,FWGNWHDRWK,mll,3,0.777139208173691,4,8,0.875,0.2699198424816131,-38.17,0.9566648006439208,3
Full_Library_Hit_273,FWGIWFDAFR,mll,4,0.7496807151979566,1,5,0.75,0.2679260373115539,-39.71,0.9639518857002258,3
Full_Library_Hit_1198,FVGFLWEWFR,mll,5,0.7343550446998723,3,7,0.875,0.2712618112564087,-30.73,0.9584352970123292,2
Full_Library_Hit_23585,FYGHSWEWFR,mll,6,0.7145593869731802,3,7,0.75,0.2653454840183258,-27.13,0.9661246538162231,2
Full_Library_Hit_13284,FNGNWPEVFK,mll,7,0.7120051085568327,5,9,0.75,0.2742950320243835,-36.44,0.9545323848724364,3
Full_Library_Hit_3113,FVGHFPEYFR,mll,8,0.6909323116219668,2,6,0.75,0.2664171457290649,-43.33,0.9629269242286682,2
Full_Library_Hit_143,FTGIFWDWHR,mll,9,0.6890166028097063,2,6,0.875,0.2739982306957245,-45.65,0.9561145305633544,4
Full_Library_Hit_4852,FYGIWPERYK,mll,10,0.6883780332056194,2,6,0.75,0.2798539400100708,-31.84,0.9528520107269288,4
Full_Library_Hit_2326,FRGPHWDFWK,mll,11,0.6717752234993615,3,7,0.875,0.2731992602348327,-41.74,0.957732319831848,2
Full_Library_Hit_1394,FWGSLWDFYK,mll,12,0.6615581098339719,1,5,0.875,0.2730887234210968,-39.44,0.9606557488441468,3
Full_Library_Hit_114,FWGWFWDWFR,mll,13,0.6538952745849297,1,5,0.875,0.2745094001293182,-45.44,0.955658495426178,6
Full_Library_Hit_15622,FWGNWHDRFR,mll,14,0.649425287356322,2,6,0.875,0.2666197717189789,-41.59,0.966730535030365,2
Full_Library_Hit_174,FRGIHWEFWK,mll,15,0.6462324393358876,4,8,0.875,0.2869909703731537,-38.99,0.9409992098808287,4
Full_Library_Hit_2066,FWGNRPELFK,mll,16,0.6430395913154534,3,6,0.75,0.2739520668983459,-32.99,0.946879267692566,5
Full_Library_Hit_258,FWGSWFDFWK,mll,17,0.6398467432950192,4,7,0.875,0.286073625087738,-38.42,0.9434703588485718,4
Full_Library_Hit_4875,FWGIFWDWFR,mll,18,0.6347381864623245,1,5,0.875,0.2776431143283844,-37.02,0.9564859867095948,3
Full_Library_Hit_40119,FWGTLWEFYK,mll,19,0.6347381864623245,2,6,0.875,0.2720721662044525,-43.32,0.9576441049575806,2
Full_Library_Hit_1033,FNGIWWEWFR,mll,20,0.6206896551724138,3,7,0.875,0.2759350836277008,-33.27,0.956002116203308,2
Full_Library_Hit_3019,FWGYWFDVFR,mll,21,0.6002554278416349,1,5,0.875,0.2682291567325592,-41.4,0.9608853459358216,2
Full_Library_Hit_724,FWGSWHDWYK,mll,22,0.5957854406130269,2,6,0.875,0.2689396440982818,-31.84,0.9582422375679016,2
Full_Library_Hit_1969,FNGIFWDWFR,mll,23,0.5836526181353767,2,6,0.875,0.277705043554306,-33.79,0.9420498609542848,3
Full_Library_Hit_246,FWGIFRDWAR,mll,24,0.5823754789272031,2,6,0.75,0.2893713116645813,-42.1,0.9432225823402404,3
Full_Library_Hit_22,FRGIFWEWHK,mll,25,0.5817369093231162,4,8,0.875,0.300941526889801,-32.02,0.9345721006393432,10
Full_Library_Hit_3542,FDGIWPEVFK,mll,26,0.5817369093231162,1,5,0.75,0.271850049495697,-35.46,0.9541468024253844,3
Full_Library_Hit_17175,FWGLFWEWFR,mll,27,0.5721583652618135,2,6,0.875,0.2896842658519745,-43.85,0.9417011737823486,3
Full_Library_Hit_3702,FWGNFHEIRR,mll,28,0.5715197956577267,1,5,0.75,0.264411062002182,-29.26,0.96304589509964,2
Full_Library_Hit_1812,FTGIWHDRFR,mll,29,0.5702426564495531,1,5,0.875,0.2760064005851745,-33.07,0.9533345699310304,4
Full_Library_Hit_2348,FWGSRFDSWK,mll,30,0.5593869731800766,2,5,0.875,0.2669152319431305,-33.13,0.9536516666412354,2
Full_Library_Hit_22410,FWGIWPEYFK,mll,31,0.5587484035759898,1,5,0.75,0.2686677575111389,-35.55,0.9665334224700928,2
Full_Library_Hit_868,FIGIFPDVFR,mll,32,0.558109833971903,1,5,0.75,0.2722910940647125,-42.41,0.9525752663612366,2
Full_Library_Hit_16172,FTGIWPDFAK,mll,33,0.5453384418901661,2,5,0.75,0.2745671570301056,-29.68,0.9554620981216432,2
Full_Library_Hit_2478,FWGSFWDIHK,mll,34,0.5440613026819923,1,4,0.875,0.2793124914169311,-26.37,0.953125536441803,3
Full_Library_Hit_14510,FTGHYPEFHK,mll,35,0.5434227330779055,1,5,0.75,0.2705631256103515,-35.65,0.9616941809654236,2
Full_Library_Hit_1137,FYGVWPEHYK,mll,36,0.5383141762452107,1,5,0.75,0.2730662226676941,-30.03,0.9610430002212524,2
Full_Library_Hit_153,FRGTHWEFWK,mll,37,0.537037037037037,1,5,0.75,0.2738592028617859,-32.25,0.9368208646774292,7
Full_Library_Hit_25185,FWGIWSNWFR,mll,38,0.5357598978288634,3,7,0.875,0.2775897085666656,-38.5,0.9520087838172911,2
Full_Library_Hit_3296,FTGHFHEIHK,mll,39,0.5300127713920818,2,6,0.75,0.2758700549602508,-34.7,0.9474211931228638,2
Full_Library_Hit_270,FWGNWWDFAK,mll,40,0.5287356321839081,2,5,0.875,0.2796795964241028,-38.24,0.94714093208313,3
